article_heading,img_src,altText,article_url
"Jobs Report Adds to Economic Momentum for Harris","https://static01.nyt.com/images/2024/10/04/multimedia/DC-HARRIS-02-jlhb/DC-HARRIS-02-jlhb-articleLarge.jpg?quality=75&auto=webp&disable=upscale","Kamala Harris, in a dark suit and white shirt, raises her right hand while speaking at a lectern outdoors.","https://www.nytimes.com/2024/10/04/business/jobs-report-harris-economy.html"
"Jobs Report Adds to Economic Momentum for Harris","https://static01.nyt.com/images/2024/10/04/multimedia/DC-HARRIS-02-jlhb/DC-HARRIS-02-jlhb-articleLarge.jpg?quality=75&auto=webp&disable=upscale","Kamala Harris, in a dark suit and white shirt, raises her right hand while speaking at a lectern outdoors.","https://www.nytimes.com/2024/10/04/business/jobs-report-harris-economy.html"
"Jobs Report Adds to Economic Momentum for Harris","https://static01.nyt.com/images/2024/10/04/multimedia/DC-HARRIS-02-jlhb/DC-HARRIS-02-jlhb-articleLarge.jpg?quality=75&auto=webp&disable=upscale","Kamala Harris, in a dark suit and white shirt, raises her right hand while speaking at a lectern outdoors.","https://www.nytimes.com/2024/10/04/business/jobs-report-harris-economy.html"
"The Job Market Is Chugging Along, Completing a Solid Economic Picture","https://static01.nyt.com/images/2024/10/04/multimedia/04jobs-report-economy-bzvp/04jobs-report-economy-bzvp-articleLarge.jpg?quality=75&auto=webp&disable=upscale","A woman walking past a "now hiring" sign.","https://www.nytimes.com/2024/10/04/business/economy/job-market-hiring-wage.html"
"The Job Market Is Chugging Along, Completing a Solid Economic Picture","https://static01.nyt.com/images/2024/10/04/multimedia/04jobs-report-economy-bzvp/04jobs-report-economy-bzvp-articleLarge.jpg?quality=75&auto=webp&disable=upscale","A woman walking past a "now hiring" sign.","https://www.nytimes.com/2024/10/04/business/economy/job-market-hiring-wage.html"
"The Job Market Is Chugging Along, Completing a Solid Economic Picture","https://static01.nyt.com/images/2024/10/04/multimedia/04jobs-report-economy-bzvp/04jobs-report-economy-bzvp-articleLarge.jpg?quality=75&auto=webp&disable=upscale","A woman walking past a "now hiring" sign.","https://www.nytimes.com/2024/10/04/business/economy/job-market-hiring-wage.html"
"The Job Market Is Chugging Along, Completing a Solid Economic Picture","https://static01.nyt.com/images/2024/10/04/multimedia/04jobs-report-economy-bzvp/04jobs-report-economy-bzvp-articleLarge.jpg?quality=75&auto=webp&disable=upscale","A woman walking past a "now hiring" sign.","https://www.nytimes.com/2024/10/04/business/economy/job-market-hiring-wage.html"
"The Job Market Is Chugging Along, Completing a Solid Economic Picture","https://static01.nyt.com/images/2024/10/04/multimedia/04jobs-report-economy-bzvp/04jobs-report-economy-bzvp-articleLarge.jpg?quality=75&auto=webp&disable=upscale","A woman walking past a "now hiring" sign.","https://www.nytimes.com/2024/10/04/business/economy/job-market-hiring-wage.html"
"The Job Market Is Chugging Along, Completing a Solid Economic Picture","https://static01.nyt.com/images/2024/10/04/multimedia/04jobs-report-economy-bzvp/04jobs-report-economy-bzvp-articleLarge.jpg?quality=75&auto=webp&disable=upscale","A woman walking past a "now hiring" sign.","https://www.nytimes.com/2024/10/04/business/economy/job-market-hiring-wage.html"
"The Job Market Is Chugging Along, Completing a Solid Economic Picture","https://static01.nyt.com/images/2024/10/04/multimedia/04jobs-report-economy-bzvp/04jobs-report-economy-bzvp-articleLarge.jpg?quality=75&auto=webp&disable=upscale","A woman walking past a "now hiring" sign.","https://www.nytimes.com/2024/10/04/business/economy/job-market-hiring-wage.html"
"The Job Market Is Chugging Along, Completing a Solid Economic Picture","https://static01.nyt.com/images/2024/10/04/multimedia/04jobs-report-economy-bzvp/04jobs-report-economy-bzvp-articleLarge.jpg?quality=75&auto=webp&disable=upscale","A woman walking past a "now hiring" sign.","https://www.nytimes.com/2024/10/04/business/economy/job-market-hiring-wage.html"
"The Job Market Is Chugging Along, Completing a Solid Economic Picture","https://static01.nyt.com/images/2024/10/04/multimedia/04jobs-report-economy-bzvp/04jobs-report-economy-bzvp-articleLarge.jpg?quality=75&auto=webp&disable=upscale","A woman walking past a "now hiring" sign.","https://www.nytimes.com/2024/10/04/business/economy/job-market-hiring-wage.html"
"Labor Market Shows Unexpected Strength","https://static01.nyt.com/images/2024/10/03/multimedia/2024-10-03-jobs-monthly-growth-index/2024-10-03-jobs-monthly-growth-index-articleLarge-v2.png?quality=75&auto=webp&disable=upscale","No alt attribute","https://www.nytimes.com/2024/10/04/business/economy/jobs-report-september.html"
"Labor Market Shows Unexpected Strength","https://static01.nyt.com/images/2024/10/03/multimedia/2024-10-03-jobs-monthly-growth-index/2024-10-03-jobs-monthly-growth-index-articleLarge-v2.png?quality=75&auto=webp&disable=upscale","No alt attribute","https://www.nytimes.com/2024/10/04/business/economy/jobs-report-september.html"
"Labor Market Shows Unexpected Strength","https://static01.nyt.com/images/2024/10/03/multimedia/2024-10-03-jobs-monthly-growth-index/2024-10-03-jobs-monthly-growth-index-articleLarge-v2.png?quality=75&auto=webp&disable=upscale","No alt attribute","https://www.nytimes.com/2024/10/04/business/economy/jobs-report-september.html"
"Pandemic Start-Ups Are Thriving, and Helping to Fuel the Economy","https://static01.nyt.com/images/2024/10/01/multimedia/NEW-BUSINESS-06-ctbj/NEW-BUSINESS-06-ctbj-articleLarge.jpg?quality=75&auto=webp&disable=upscale","Hector Xu, Kris Frey and Yiou He stand in front of a blue helicopter in an airplane hangar with an American flag on the back wall.","https://www.nytimes.com/2024/10/04/business/economy/pandemic-startups-small-business-economy.html"
"Pandemic Start-Ups Are Thriving, and Helping to Fuel the Economy","https://static01.nyt.com/images/2024/10/01/multimedia/NEW-BUSINESS-04-khgf/NEW-BUSINESS-04-khgf-articleLarge.jpg?quality=75&auto=webp&disable=upscale","A person sits in a chair in front of multiple screens holding a joystick near an electronic panel many colorful buttons.","https://www.nytimes.com/2024/10/04/business/economy/pandemic-startups-small-business-economy.html"
"Pandemic Start-Ups Are Thriving, and Helping to Fuel the Economy","https://static01.nyt.com/images/2024/10/01/multimedia/NEW-BUSINESS-11-zwvt/NEW-BUSINESS-11-zwvt-articleLarge.jpg?quality=75&auto=webp&disable=upscale","A person pulls the tail of a small blue and white helicopter in an airplane hangar.","https://www.nytimes.com/2024/10/04/business/economy/pandemic-startups-small-business-economy.html"
"Pandemic Start-Ups Are Thriving, and Helping to Fuel the Economy","https://static01.nyt.com/images/2024/10/01/multimedia/NEW-BUSINESS-06-ctbj/NEW-BUSINESS-06-ctbj-articleLarge.jpg?quality=75&auto=webp&disable=upscale","Hector Xu, Kris Frey and Yiou He stand in front of a blue helicopter in an airplane hangar with an American flag on the back wall.","https://www.nytimes.com/2024/10/04/business/economy/pandemic-startups-small-business-economy.html"
"Pandemic Start-Ups Are Thriving, and Helping to Fuel the Economy","https://static01.nyt.com/images/2024/10/01/multimedia/NEW-BUSINESS-04-khgf/NEW-BUSINESS-04-khgf-articleLarge.jpg?quality=75&auto=webp&disable=upscale","A person sits in a chair in front of multiple screens holding a joystick near an electronic panel many colorful buttons.","https://www.nytimes.com/2024/10/04/business/economy/pandemic-startups-small-business-economy.html"
"Pandemic Start-Ups Are Thriving, and Helping to Fuel the Economy","https://static01.nyt.com/images/2024/10/01/multimedia/NEW-BUSINESS-11-zwvt/NEW-BUSINESS-11-zwvt-articleLarge.jpg?quality=75&auto=webp&disable=upscale","A person pulls the tail of a small blue and white helicopter in an airplane hangar.","https://www.nytimes.com/2024/10/04/business/economy/pandemic-startups-small-business-economy.html"
"Pandemic Start-Ups Are Thriving, and Helping to Fuel the Economy","https://static01.nyt.com/images/2024/10/01/multimedia/NEW-BUSINESS-06-ctbj/NEW-BUSINESS-06-ctbj-articleLarge.jpg?quality=75&auto=webp&disable=upscale","Hector Xu, Kris Frey and Yiou He stand in front of a blue helicopter in an airplane hangar with an American flag on the back wall.","https://www.nytimes.com/2024/10/04/business/economy/pandemic-startups-small-business-economy.html"
"Pandemic Start-Ups Are Thriving, and Helping to Fuel the Economy","https://static01.nyt.com/images/2024/10/01/multimedia/NEW-BUSINESS-04-khgf/NEW-BUSINESS-04-khgf-articleLarge.jpg?quality=75&auto=webp&disable=upscale","A person sits in a chair in front of multiple screens holding a joystick near an electronic panel many colorful buttons.","https://www.nytimes.com/2024/10/04/business/economy/pandemic-startups-small-business-economy.html"
"Pandemic Start-Ups Are Thriving, and Helping to Fuel the Economy","https://static01.nyt.com/images/2024/10/01/multimedia/NEW-BUSINESS-11-zwvt/NEW-BUSINESS-11-zwvt-articleLarge.jpg?quality=75&auto=webp&disable=upscale","A person pulls the tail of a small blue and white helicopter in an airplane hangar.","https://www.nytimes.com/2024/10/04/business/economy/pandemic-startups-small-business-economy.html"
"Port Union Agrees to Suspend Strike","https://static01.nyt.com/images/2024/10/03/multimedia/PORT-STRIKE-01-cvlb/PORT-STRIKE-01-cvlb-articleLarge.jpg?quality=75&auto=webp&disable=upscale","A person with arms raised, wearing a neon yellow vest, holds a sign that says, "Automation hurts families." Shipping containers and cranes are in the background.","https://www.nytimes.com/2024/10/03/business/economy/port-strike-suspended.html"
"Port Union Agrees to Suspend Strike","https://static01.nyt.com/images/2024/10/04/multimedia/PORT-STRIKE-04-vqkp/PORT-STRIKE-04-vqkp-articleLarge.jpg?quality=75&auto=webp&disable=upscale","A person in a dark blue suit speaks to a group of people holding cameras and microphones, with people by a large plane in the background.","https://www.nytimes.com/2024/10/03/business/economy/port-strike-suspended.html"
"Port Union Agrees to Suspend Strike","https://static01.nyt.com/images/2024/10/02/multimedia/PORT-STRIKE-03-vbtj/PORT-UNION-03-vbtj-articleLarge.jpg?quality=75&auto=webp&disable=upscale","A crowd of people surround a smiling person in a blue sweatshirt and a black hat, outdoors near a temporary tent.","https://www.nytimes.com/2024/10/03/business/economy/port-strike-suspended.html"
"Port Union Agrees to Suspend Strike","https://static01.nyt.com/images/2024/10/03/multimedia/PORT-STRIKE-01-cvlb/PORT-STRIKE-01-cvlb-articleLarge.jpg?quality=75&auto=webp&disable=upscale","A person with arms raised, wearing a neon yellow vest, holds a sign that says, "Automation hurts families." Shipping containers and cranes are in the background.","https://www.nytimes.com/2024/10/03/business/economy/port-strike-suspended.html"
"Port Union Agrees to Suspend Strike","https://static01.nyt.com/images/2024/10/04/multimedia/PORT-STRIKE-04-vqkp/PORT-STRIKE-04-vqkp-articleLarge.jpg?quality=75&auto=webp&disable=upscale","A person in a dark blue suit speaks to a group of people holding cameras and microphones, with people by a large plane in the background.","https://www.nytimes.com/2024/10/03/business/economy/port-strike-suspended.html"
"Port Union Agrees to Suspend Strike","https://static01.nyt.com/images/2024/10/02/multimedia/PORT-STRIKE-03-vbtj/PORT-UNION-03-vbtj-articleLarge.jpg?quality=75&auto=webp&disable=upscale","A crowd of people surround a smiling person in a blue sweatshirt and a black hat, outdoors near a temporary tent.","https://www.nytimes.com/2024/10/03/business/economy/port-strike-suspended.html"
"Port Union Agrees to Suspend Strike","https://static01.nyt.com/images/2024/10/03/multimedia/PORT-STRIKE-01-cvlb/PORT-STRIKE-01-cvlb-articleLarge.jpg?quality=75&auto=webp&disable=upscale","A person with arms raised, wearing a neon yellow vest, holds a sign that says, "Automation hurts families." Shipping containers and cranes are in the background.","https://www.nytimes.com/2024/10/03/business/economy/port-strike-suspended.html"
"Port Union Agrees to Suspend Strike","https://static01.nyt.com/images/2024/10/04/multimedia/PORT-STRIKE-04-vqkp/PORT-STRIKE-04-vqkp-articleLarge.jpg?quality=75&auto=webp&disable=upscale","A person in a dark blue suit speaks to a group of people holding cameras and microphones, with people by a large plane in the background.","https://www.nytimes.com/2024/10/03/business/economy/port-strike-suspended.html"
"Port Union Agrees to Suspend Strike","https://static01.nyt.com/images/2024/10/02/multimedia/PORT-STRIKE-03-vbtj/PORT-UNION-03-vbtj-articleLarge.jpg?quality=75&auto=webp&disable=upscale","A crowd of people surround a smiling person in a blue sweatshirt and a black hat, outdoors near a temporary tent.","https://www.nytimes.com/2024/10/03/business/economy/port-strike-suspended.html"
"Port Union Agrees to Suspend Strike","https://static01.nyt.com/images/2024/10/03/multimedia/PORT-STRIKE-01-cvlb/PORT-STRIKE-01-cvlb-articleLarge.jpg?quality=75&auto=webp&disable=upscale","A person with arms raised, wearing a neon yellow vest, holds a sign that says, "Automation hurts families." Shipping containers and cranes are in the background.","https://www.nytimes.com/2024/10/03/business/economy/port-strike-suspended.html"
"Port Union Agrees to Suspend Strike","https://static01.nyt.com/images/2024/10/04/multimedia/PORT-STRIKE-04-vqkp/PORT-STRIKE-04-vqkp-articleLarge.jpg?quality=75&auto=webp&disable=upscale","A person in a dark blue suit speaks to a group of people holding cameras and microphones, with people by a large plane in the background.","https://www.nytimes.com/2024/10/03/business/economy/port-strike-suspended.html"
"Port Union Agrees to Suspend Strike","https://static01.nyt.com/images/2024/10/02/multimedia/PORT-STRIKE-03-vbtj/PORT-UNION-03-vbtj-articleLarge.jpg?quality=75&auto=webp&disable=upscale","A crowd of people surround a smiling person in a blue sweatshirt and a black hat, outdoors near a temporary tent.","https://www.nytimes.com/2024/10/03/business/economy/port-strike-suspended.html"
"Port Union Agrees to Suspend Strike","https://static01.nyt.com/images/2024/10/03/multimedia/PORT-STRIKE-01-cvlb/PORT-STRIKE-01-cvlb-articleLarge.jpg?quality=75&auto=webp&disable=upscale","A person with arms raised, wearing a neon yellow vest, holds a sign that says, "Automation hurts families." Shipping containers and cranes are in the background.","https://www.nytimes.com/2024/10/03/business/economy/port-strike-suspended.html"
"Port Union Agrees to Suspend Strike","https://static01.nyt.com/images/2024/10/04/multimedia/PORT-STRIKE-04-vqkp/PORT-STRIKE-04-vqkp-articleLarge.jpg?quality=75&auto=webp&disable=upscale","A person in a dark blue suit speaks to a group of people holding cameras and microphones, with people by a large plane in the background.","https://www.nytimes.com/2024/10/03/business/economy/port-strike-suspended.html"
"Port Union Agrees to Suspend Strike","https://static01.nyt.com/images/2024/10/02/multimedia/PORT-STRIKE-03-vbtj/PORT-UNION-03-vbtj-articleLarge.jpg?quality=75&auto=webp&disable=upscale","A crowd of people surround a smiling person in a blue sweatshirt and a black hat, outdoors near a temporary tent.","https://www.nytimes.com/2024/10/03/business/economy/port-strike-suspended.html"
"Port Union Agrees to Suspend Strike","https://static01.nyt.com/images/2024/10/03/multimedia/PORT-STRIKE-01-cvlb/PORT-STRIKE-01-cvlb-articleLarge.jpg?quality=75&auto=webp&disable=upscale","A person with arms raised, wearing a neon yellow vest, holds a sign that says, "Automation hurts families." Shipping containers and cranes are in the background.","https://www.nytimes.com/2024/10/03/business/economy/port-strike-suspended.html"
"Port Union Agrees to Suspend Strike","https://static01.nyt.com/images/2024/10/04/multimedia/PORT-STRIKE-04-vqkp/PORT-STRIKE-04-vqkp-articleLarge.jpg?quality=75&auto=webp&disable=upscale","A person in a dark blue suit speaks to a group of people holding cameras and microphones, with people by a large plane in the background.","https://www.nytimes.com/2024/10/03/business/economy/port-strike-suspended.html"
"Port Union Agrees to Suspend Strike","https://static01.nyt.com/images/2024/10/02/multimedia/PORT-STRIKE-03-vbtj/PORT-UNION-03-vbtj-articleLarge.jpg?quality=75&auto=webp&disable=upscale","A crowd of people surround a smiling person in a blue sweatshirt and a black hat, outdoors near a temporary tent.","https://www.nytimes.com/2024/10/03/business/economy/port-strike-suspended.html"
"Port Union Agrees to Suspend Strike","https://static01.nyt.com/images/2024/10/03/multimedia/PORT-STRIKE-01-cvlb/PORT-STRIKE-01-cvlb-articleLarge.jpg?quality=75&auto=webp&disable=upscale","A person with arms raised, wearing a neon yellow vest, holds a sign that says, "Automation hurts families." Shipping containers and cranes are in the background.","https://www.nytimes.com/2024/10/03/business/economy/port-strike-suspended.html"
"Port Union Agrees to Suspend Strike","https://static01.nyt.com/images/2024/10/04/multimedia/PORT-STRIKE-04-vqkp/PORT-STRIKE-04-vqkp-articleLarge.jpg?quality=75&auto=webp&disable=upscale","A person in a dark blue suit speaks to a group of people holding cameras and microphones, with people by a large plane in the background.","https://www.nytimes.com/2024/10/03/business/economy/port-strike-suspended.html"
"Port Union Agrees to Suspend Strike","https://static01.nyt.com/images/2024/10/02/multimedia/PORT-STRIKE-03-vbtj/PORT-UNION-03-vbtj-articleLarge.jpg?quality=75&auto=webp&disable=upscale","A crowd of people surround a smiling person in a blue sweatshirt and a black hat, outdoors near a temporary tent.","https://www.nytimes.com/2024/10/03/business/economy/port-strike-suspended.html"
"U.S. Faces Economic Turbulence Just as Recession Fears Eased","https://static01.nyt.com/images/2024/10/03/multimedia/DC-ECONSHOCKS-06-zhcj/DC-ECONSHOCKS-06-zhcj-articleLarge.jpg?quality=75&auto=webp&disable=upscale","A person in a blue vest and a person in a black jacket talk to people in law enforcement wearing khaki green shirts and tan vests.","https://www.nytimes.com/2024/10/03/us/politics/us-economy-inflation-port-strike-helene-israel.html"
"U.S. Faces Economic Turbulence Just as Recession Fears Eased","https://static01.nyt.com/images/2024/10/03/multimedia/DC-ECONSHOCKS-06-zhcj/DC-ECONSHOCKS-06-zhcj-articleLarge.jpg?quality=75&auto=webp&disable=upscale","A person in a blue vest and a person in a black jacket talk to people in law enforcement wearing khaki green shirts and tan vests.","https://www.nytimes.com/2024/10/03/us/politics/us-economy-inflation-port-strike-helene-israel.html"
"U.S. Faces Economic Turbulence Just as Recession Fears Eased","https://static01.nyt.com/images/2024/10/03/multimedia/DC-ECONSHOCKS-06-zhcj/DC-ECONSHOCKS-06-zhcj-articleLarge.jpg?quality=75&auto=webp&disable=upscale","A person in a blue vest and a person in a black jacket talk to people in law enforcement wearing khaki green shirts and tan vests.","https://www.nytimes.com/2024/10/03/us/politics/us-economy-inflation-port-strike-helene-israel.html"
"To Revive Manufacturing, How Much Can a President Do?","https://static01.nyt.com/images/2024/10/04/multimedia/MANUFACTURING-02-jqkg/MANUFACTURING-02-jqkg-articleLarge.jpg?quality=75&auto=webp&disable=upscale","A factory floor with three men standing alongside a large metal cabinet twice their height, its doors open.","https://www.nytimes.com/2024/10/03/business/economy/manufacturing-jobs-trump-harris.html"
"To Revive Manufacturing, How Much Can a President Do?","https://static01.nyt.com/images/2024/10/04/multimedia/MANUFACTURING-02-jqkg/MANUFACTURING-02-jqkg-articleLarge.jpg?quality=75&auto=webp&disable=upscale","A factory floor with three men standing alongside a large metal cabinet twice their height, its doors open.","https://www.nytimes.com/2024/10/03/business/economy/manufacturing-jobs-trump-harris.html"
"To Revive Manufacturing, How Much Can a President Do?","https://static01.nyt.com/images/2024/10/04/multimedia/MANUFACTURING-02-jqkg/MANUFACTURING-02-jqkg-articleLarge.jpg?quality=75&auto=webp&disable=upscale","A factory floor with three men standing alongside a large metal cabinet twice their height, its doors open.","https://www.nytimes.com/2024/10/03/business/economy/manufacturing-jobs-trump-harris.html"
"To Revive Manufacturing, How Much Can a President Do?","https://static01.nyt.com/images/2024/10/04/multimedia/MANUFACTURING-02-jqkg/MANUFACTURING-02-jqkg-articleLarge.jpg?quality=75&auto=webp&disable=upscale","A factory floor with three men standing alongside a large metal cabinet twice their height, its doors open.","https://www.nytimes.com/2024/10/03/business/economy/manufacturing-jobs-trump-harris.html"
"To Revive Manufacturing, How Much Can a President Do?","https://static01.nyt.com/images/2024/10/04/multimedia/MANUFACTURING-02-jqkg/MANUFACTURING-02-jqkg-articleLarge.jpg?quality=75&auto=webp&disable=upscale","A factory floor with three men standing alongside a large metal cabinet twice their height, its doors open.","https://www.nytimes.com/2024/10/03/business/economy/manufacturing-jobs-trump-harris.html"
"To Revive Manufacturing, How Much Can a President Do?","https://static01.nyt.com/images/2024/10/04/multimedia/MANUFACTURING-02-jqkg/MANUFACTURING-02-jqkg-articleLarge.jpg?quality=75&auto=webp&disable=upscale","A factory floor with three men standing alongside a large metal cabinet twice their height, its doors open.","https://www.nytimes.com/2024/10/03/business/economy/manufacturing-jobs-trump-harris.html"
"To Revive Manufacturing, How Much Can a President Do?","https://static01.nyt.com/images/2024/10/04/multimedia/MANUFACTURING-02-jqkg/MANUFACTURING-02-jqkg-articleLarge.jpg?quality=75&auto=webp&disable=upscale","A factory floor with three men standing alongside a large metal cabinet twice their height, its doors open.","https://www.nytimes.com/2024/10/03/business/economy/manufacturing-jobs-trump-harris.html"
"To Revive Manufacturing, How Much Can a President Do?","https://static01.nyt.com/images/2024/10/04/multimedia/MANUFACTURING-02-jqkg/MANUFACTURING-02-jqkg-articleLarge.jpg?quality=75&auto=webp&disable=upscale","A factory floor with three men standing alongside a large metal cabinet twice their height, its doors open.","https://www.nytimes.com/2024/10/03/business/economy/manufacturing-jobs-trump-harris.html"
"Hurricane Helene Deaths Will Continue for Years, Study Suggests","https://static01.nyt.com/images/2024/10/02/multimedia/02excess-deaths-01-fhgq/02excess-deaths-01-fhgq-articleLarge.jpg?quality=75&auto=webp&disable=upscale","Wreckage of homes in floodwaters, with homes on stilts in the distance still standing. Palm trees and blue sky are in the background. ","https://www.nytimes.com/2024/10/02/business/economy/hurricane-helene-deaths-climate.html"
"Hurricane Helene Deaths Will Continue for Years, Study Suggests","https://static01.nyt.com/images/2024/10/02/multimedia/02excess-deaths-01-fhgq/02excess-deaths-01-fhgq-articleLarge.jpg?quality=75&auto=webp&disable=upscale","Wreckage of homes in floodwaters, with homes on stilts in the distance still standing. Palm trees and blue sky are in the background. ","https://www.nytimes.com/2024/10/02/business/economy/hurricane-helene-deaths-climate.html"
"Hurricane Helene Deaths Will Continue for Years, Study Suggests","https://static01.nyt.com/images/2024/10/02/multimedia/02excess-deaths-01-fhgq/02excess-deaths-01-fhgq-articleLarge.jpg?quality=75&auto=webp&disable=upscale","Wreckage of homes in floodwaters, with homes on stilts in the distance still standing. Palm trees and blue sky are in the background. ","https://www.nytimes.com/2024/10/02/business/economy/hurricane-helene-deaths-climate.html"
"Hurricane Helene Deaths Will Continue for Years, Study Suggests","https://static01.nyt.com/images/2024/10/02/multimedia/02excess-deaths-01-fhgq/02excess-deaths-01-fhgq-articleLarge.jpg?quality=75&auto=webp&disable=upscale","Wreckage of homes in floodwaters, with homes on stilts in the distance still standing. Palm trees and blue sky are in the background. ","https://www.nytimes.com/2024/10/02/business/economy/hurricane-helene-deaths-climate.html"
"Hurricane Helene Deaths Will Continue for Years, Study Suggests","https://static01.nyt.com/images/2024/10/02/multimedia/02excess-deaths-01-fhgq/02excess-deaths-01-fhgq-articleLarge.jpg?quality=75&auto=webp&disable=upscale","Wreckage of homes in floodwaters, with homes on stilts in the distance still standing. Palm trees and blue sky are in the background. ","https://www.nytimes.com/2024/10/02/business/economy/hurricane-helene-deaths-climate.html"
"Hurricane Helene Deaths Will Continue for Years, Study Suggests","https://static01.nyt.com/images/2024/10/02/multimedia/02excess-deaths-01-fhgq/02excess-deaths-01-fhgq-articleLarge.jpg?quality=75&auto=webp&disable=upscale","Wreckage of homes in floodwaters, with homes on stilts in the distance still standing. Palm trees and blue sky are in the background. ","https://www.nytimes.com/2024/10/02/business/economy/hurricane-helene-deaths-climate.html"
"Hurricane Helene Deaths Will Continue for Years, Study Suggests","https://static01.nyt.com/images/2024/10/02/multimedia/02excess-deaths-01-fhgq/02excess-deaths-01-fhgq-articleLarge.jpg?quality=75&auto=webp&disable=upscale","Wreckage of homes in floodwaters, with homes on stilts in the distance still standing. Palm trees and blue sky are in the background. ","https://www.nytimes.com/2024/10/02/business/economy/hurricane-helene-deaths-climate.html"
"Hurricane Helene Deaths Will Continue for Years, Study Suggests","https://static01.nyt.com/images/2024/10/02/multimedia/02excess-deaths-01-fhgq/02excess-deaths-01-fhgq-articleLarge.jpg?quality=75&auto=webp&disable=upscale","Wreckage of homes in floodwaters, with homes on stilts in the distance still standing. Palm trees and blue sky are in the background. ","https://www.nytimes.com/2024/10/02/business/economy/hurricane-helene-deaths-climate.html"
"Hurricane Helene Deaths Will Continue for Years, Study Suggests","https://static01.nyt.com/images/2024/10/02/multimedia/02excess-deaths-01-fhgq/02excess-deaths-01-fhgq-articleLarge.jpg?quality=75&auto=webp&disable=upscale","Wreckage of homes in floodwaters, with homes on stilts in the distance still standing. Palm trees and blue sky are in the background. ","https://www.nytimes.com/2024/10/02/business/economy/hurricane-helene-deaths-climate.html"
"Hurricane Helene Deaths Will Continue for Years, Study Suggests","https://static01.nyt.com/images/2024/10/02/multimedia/02excess-deaths-01-fhgq/02excess-deaths-01-fhgq-articleLarge.jpg?quality=75&auto=webp&disable=upscale","Wreckage of homes in floodwaters, with homes on stilts in the distance still standing. Palm trees and blue sky are in the background. ","https://www.nytimes.com/2024/10/02/business/economy/hurricane-helene-deaths-climate.html"
"Hurricane Helene Deaths Will Continue for Years, Study Suggests","https://static01.nyt.com/images/2024/10/02/multimedia/02excess-deaths-01-fhgq/02excess-deaths-01-fhgq-articleLarge.jpg?quality=75&auto=webp&disable=upscale","Wreckage of homes in floodwaters, with homes on stilts in the distance still standing. Palm trees and blue sky are in the background. ","https://www.nytimes.com/2024/10/02/business/economy/hurricane-helene-deaths-climate.html"
"Hurricane Helene Deaths Will Continue for Years, Study Suggests","https://static01.nyt.com/images/2024/10/02/multimedia/02excess-deaths-01-fhgq/02excess-deaths-01-fhgq-articleLarge.jpg?quality=75&auto=webp&disable=upscale","Wreckage of homes in floodwaters, with homes on stilts in the distance still standing. Palm trees and blue sky are in the background. ","https://www.nytimes.com/2024/10/02/business/economy/hurricane-helene-deaths-climate.html"
"Hurricane Helene Deaths Will Continue for Years, Study Suggests","https://static01.nyt.com/images/2024/10/02/multimedia/02excess-deaths-01-fhgq/02excess-deaths-01-fhgq-articleLarge.jpg?quality=75&auto=webp&disable=upscale","Wreckage of homes in floodwaters, with homes on stilts in the distance still standing. Palm trees and blue sky are in the background. ","https://www.nytimes.com/2024/10/02/business/economy/hurricane-helene-deaths-climate.html"
"Hurricane Helene Deaths Will Continue for Years, Study Suggests","https://static01.nyt.com/images/2024/10/02/multimedia/02excess-deaths-01-fhgq/02excess-deaths-01-fhgq-articleLarge.jpg?quality=75&auto=webp&disable=upscale","Wreckage of homes in floodwaters, with homes on stilts in the distance still standing. Palm trees and blue sky are in the background. ","https://www.nytimes.com/2024/10/02/business/economy/hurricane-helene-deaths-climate.html"
"Hurricane Helene Deaths Will Continue for Years, Study Suggests","https://static01.nyt.com/images/2024/10/02/multimedia/02excess-deaths-01-fhgq/02excess-deaths-01-fhgq-articleLarge.jpg?quality=75&auto=webp&disable=upscale","Wreckage of homes in floodwaters, with homes on stilts in the distance still standing. Palm trees and blue sky are in the background. ","https://www.nytimes.com/2024/10/02/business/economy/hurricane-helene-deaths-climate.html"
"Hurricane Helene Deaths Will Continue for Years, Study Suggests","https://static01.nyt.com/images/2024/10/02/multimedia/02excess-deaths-01-fhgq/02excess-deaths-01-fhgq-articleLarge.jpg?quality=75&auto=webp&disable=upscale","Wreckage of homes in floodwaters, with homes on stilts in the distance still standing. Palm trees and blue sky are in the background. ","https://www.nytimes.com/2024/10/02/business/economy/hurricane-helene-deaths-climate.html"
"Hurricane Helene Deaths Will Continue for Years, Study Suggests","https://static01.nyt.com/images/2024/10/02/multimedia/02excess-deaths-01-fhgq/02excess-deaths-01-fhgq-articleLarge.jpg?quality=75&auto=webp&disable=upscale","Wreckage of homes in floodwaters, with homes on stilts in the distance still standing. Palm trees and blue sky are in the background. ","https://www.nytimes.com/2024/10/02/business/economy/hurricane-helene-deaths-climate.html"
"Hurricane Helene Deaths Will Continue for Years, Study Suggests","https://static01.nyt.com/images/2024/10/02/multimedia/02excess-deaths-01-fhgq/02excess-deaths-01-fhgq-articleLarge.jpg?quality=75&auto=webp&disable=upscale","Wreckage of homes in floodwaters, with homes on stilts in the distance still standing. Palm trees and blue sky are in the background. ","https://www.nytimes.com/2024/10/02/business/economy/hurricane-helene-deaths-climate.html"
"A Fancy New Restaurant in London, Staffed by the Recently Homeless","https://static01.nyt.com/images/2024/10/01/multimedia/01UK-Homeless-Restaurant-01-cfvb/01UK-Homeless-Restaurant-01-cfvb-articleLarge.jpg?quality=75&auto=webp&disable=upscale","A view of the kitchen, with food laid out in stainless steel trays and chefs in aprons at work. In one corner a woman is cutting lemons.","https://www.nytimes.com/2024/10/01/world/europe/restaurant-london-homeless.html"
"A Fancy New Restaurant in London, Staffed by the Recently Homeless","https://static01.nyt.com/images/2024/10/01/multimedia/01UK-Homeless-Restaurant-02-cfvb/01UK-Homeless-Restaurant-02-cfvb-articleLarge.jpg?quality=75&auto=webp&disable=upscale","A view of the restaurant from outside after dark, showing a large, well-lit room filled with people through the windows.","https://www.nytimes.com/2024/10/01/world/europe/restaurant-london-homeless.html"
"A Fancy New Restaurant in London, Staffed by the Recently Homeless","https://static01.nyt.com/images/2024/10/01/multimedia/01UK-Homeless-Restaurant-01-cfvb/01UK-Homeless-Restaurant-01-cfvb-articleLarge.jpg?quality=75&auto=webp&disable=upscale","A view of the kitchen, with food laid out in stainless steel trays and chefs in aprons at work. In one corner a woman is cutting lemons.","https://www.nytimes.com/2024/10/01/world/europe/restaurant-london-homeless.html"
"A Fancy New Restaurant in London, Staffed by the Recently Homeless","https://static01.nyt.com/images/2024/10/01/multimedia/01UK-Homeless-Restaurant-02-cfvb/01UK-Homeless-Restaurant-02-cfvb-articleLarge.jpg?quality=75&auto=webp&disable=upscale","A view of the restaurant from outside after dark, showing a large, well-lit room filled with people through the windows.","https://www.nytimes.com/2024/10/01/world/europe/restaurant-london-homeless.html"
"A Fancy New Restaurant in London, Staffed by the Recently Homeless","https://static01.nyt.com/images/2024/10/01/multimedia/01UK-Homeless-Restaurant-01-cfvb/01UK-Homeless-Restaurant-01-cfvb-articleLarge.jpg?quality=75&auto=webp&disable=upscale","A view of the kitchen, with food laid out in stainless steel trays and chefs in aprons at work. In one corner a woman is cutting lemons.","https://www.nytimes.com/2024/10/01/world/europe/restaurant-london-homeless.html"
"A Fancy New Restaurant in London, Staffed by the Recently Homeless","https://static01.nyt.com/images/2024/10/01/multimedia/01UK-Homeless-Restaurant-02-cfvb/01UK-Homeless-Restaurant-02-cfvb-articleLarge.jpg?quality=75&auto=webp&disable=upscale","A view of the restaurant from outside after dark, showing a large, well-lit room filled with people through the windows.","https://www.nytimes.com/2024/10/01/world/europe/restaurant-london-homeless.html"
"A Fancy New Restaurant in London, Staffed by the Recently Homeless","https://static01.nyt.com/images/2024/10/01/multimedia/01UK-Homeless-Restaurant-01-cfvb/01UK-Homeless-Restaurant-01-cfvb-articleLarge.jpg?quality=75&auto=webp&disable=upscale","A view of the kitchen, with food laid out in stainless steel trays and chefs in aprons at work. In one corner a woman is cutting lemons.","https://www.nytimes.com/2024/10/01/world/europe/restaurant-london-homeless.html"
"A Fancy New Restaurant in London, Staffed by the Recently Homeless","https://static01.nyt.com/images/2024/10/01/multimedia/01UK-Homeless-Restaurant-02-cfvb/01UK-Homeless-Restaurant-02-cfvb-articleLarge.jpg?quality=75&auto=webp&disable=upscale","A view of the restaurant from outside after dark, showing a large, well-lit room filled with people through the windows.","https://www.nytimes.com/2024/10/01/world/europe/restaurant-london-homeless.html"
"A Fancy New Restaurant in London, Staffed by the Recently Homeless","https://static01.nyt.com/images/2024/10/01/multimedia/01UK-Homeless-Restaurant-01-cfvb/01UK-Homeless-Restaurant-01-cfvb-articleLarge.jpg?quality=75&auto=webp&disable=upscale","A view of the kitchen, with food laid out in stainless steel trays and chefs in aprons at work. In one corner a woman is cutting lemons.","https://www.nytimes.com/2024/10/01/world/europe/restaurant-london-homeless.html"
"A Fancy New Restaurant in London, Staffed by the Recently Homeless","https://static01.nyt.com/images/2024/10/01/multimedia/01UK-Homeless-Restaurant-02-cfvb/01UK-Homeless-Restaurant-02-cfvb-articleLarge.jpg?quality=75&auto=webp&disable=upscale","A view of the restaurant from outside after dark, showing a large, well-lit room filled with people through the windows.","https://www.nytimes.com/2024/10/01/world/europe/restaurant-london-homeless.html"
"A Fancy New Restaurant in London, Staffed by the Recently Homeless","https://static01.nyt.com/images/2024/10/01/multimedia/01UK-Homeless-Restaurant-01-cfvb/01UK-Homeless-Restaurant-01-cfvb-articleLarge.jpg?quality=75&auto=webp&disable=upscale","A view of the kitchen, with food laid out in stainless steel trays and chefs in aprons at work. In one corner a woman is cutting lemons.","https://www.nytimes.com/2024/10/01/world/europe/restaurant-london-homeless.html"
"A Fancy New Restaurant in London, Staffed by the Recently Homeless","https://static01.nyt.com/images/2024/10/01/multimedia/01UK-Homeless-Restaurant-02-cfvb/01UK-Homeless-Restaurant-02-cfvb-articleLarge.jpg?quality=75&auto=webp&disable=upscale","A view of the restaurant from outside after dark, showing a large, well-lit room filled with people through the windows.","https://www.nytimes.com/2024/10/01/world/europe/restaurant-london-homeless.html"
"U.S. Ramps Up Hunt for Uranium to End Reliance on Russia","https://static01.nyt.com/images/2024/09/22/multimedia/00uranium-06-mbgz/00uranium-06-mbgz-articleLarge.jpg?quality=75&auto=webp&disable=upscale","Two gloved hands hold a gray rock of uranium ore.","https://www.nytimes.com/2024/09/30/business/energy-environment/uranium-russia-united-states.html"
"U.S. Ramps Up Hunt for Uranium to End Reliance on Russia","https://static01.nyt.com/images/2024/09/22/multimedia/00uranium-03-mbgz/00uranium-03-mbgz-articleLarge.jpg?quality=75&auto=webp&disable=upscale","A tall structure sits atop ground with an ominous sky beyond.","https://www.nytimes.com/2024/09/30/business/energy-environment/uranium-russia-united-states.html"
"U.S. Ramps Up Hunt for Uranium to End Reliance on Russia","https://static01.nyt.com/images/2024/09/22/multimedia/00uranium-wqjm/00uranium-wqjm-articleLarge.jpg?quality=75&auto=webp&disable=upscale","Mable Franklin, wearing a blue T-shirt and a pink and maroon patterned skirt, stands on dark earth, her gray hair blowing in the wind. ","https://www.nytimes.com/2024/09/30/business/energy-environment/uranium-russia-united-states.html"
"U.S. Ramps Up Hunt for Uranium to End Reliance on Russia","https://static01.nyt.com/images/2024/09/22/multimedia/00uranium-14-mbgz/00uranium-14-mbgz-articleLarge.jpg?quality=75&auto=webp&disable=upscale","A plywood billboard in an expansive field of grass and sagebrush says: “Radioactive pollution kills. It’s time to clean up the mines.”","https://www.nytimes.com/2024/09/30/business/energy-environment/uranium-russia-united-states.html"
"U.S. Ramps Up Hunt for Uranium to End Reliance on Russia","https://static01.nyt.com/images/2024/09/22/multimedia/00uranium-11-wpgb/00uranium-11-wpgb-articleLarge.jpg?quality=75&auto=webp&disable=upscale","Carletta Tilousi, wearing a light blue top with beaded embroidery and a matching light blue skirt with a row of multicolor ribbons, stands in a golden field. One of her hands, with a large turquoise bracelet, is on her forehead while the other is resting on a black leather belt with silver buckles.","https://www.nytimes.com/2024/09/30/business/energy-environment/uranium-russia-united-states.html"
"U.S. Ramps Up Hunt for Uranium to End Reliance on Russia","https://static01.nyt.com/images/2024/09/22/multimedia/00uranium-kgzv/00uranium-kgzv-articleLarge.jpg?quality=75&auto=webp&disable=upscale","Three rows of green and gray barrels are stacked on sandy earth.","https://www.nytimes.com/2024/09/30/business/energy-environment/uranium-russia-united-states.html"
"U.S. Ramps Up Hunt for Uranium to End Reliance on Russia","https://static01.nyt.com/images/2024/09/22/multimedia/00uranium-03-bzvw/00uranium-03-bzvw-articleLarge.jpg?quality=75&auto=webp&disable=upscale","Mounds of dark brown earth on a sandy surface underneath blue sky and clouds.","https://www.nytimes.com/2024/09/30/business/energy-environment/uranium-russia-united-states.html"
"U.S. Ramps Up Hunt for Uranium to End Reliance on Russia","https://static01.nyt.com/images/2024/09/22/multimedia/00uranium-12-mbgz/00uranium-12-mbgz-articleLarge.jpg?quality=75&auto=webp&disable=upscale","John W. Cash, wearing a white hard hat, safety glasses, a white button-down shirt, bluejeans and work boots, kneels beside a pump in a sandy field with patches of grass.","https://www.nytimes.com/2024/09/30/business/energy-environment/uranium-russia-united-states.html"
"U.S. Ramps Up Hunt for Uranium to End Reliance on Russia","https://static01.nyt.com/images/2024/09/22/multimedia/00uranium-23-mbgz/00uranium-23-mbgz-articleLarge.jpg?quality=75&auto=webp&disable=upscale","Mark Chalmers, wearing a blue hard hat and glasses, stands in front of an industrial structure.","https://www.nytimes.com/2024/09/30/business/energy-environment/uranium-russia-united-states.html"
"U.S. Ramps Up Hunt for Uranium to End Reliance on Russia","https://static01.nyt.com/images/2024/09/22/multimedia/00uranium-19-mbgz/00uranium-19-mbgz-articleLarge.jpg?quality=75&auto=webp&disable=upscale","Five glass vials sit in a wooden holder on top of a wood table. The samples vary in color, from clear to green to yellow, and viscosity.","https://www.nytimes.com/2024/09/30/business/energy-environment/uranium-russia-united-states.html"
"U.S. Ramps Up Hunt for Uranium to End Reliance on Russia","https://static01.nyt.com/images/2024/09/23/multimedia/00uranium-02-hwjk/00uranium-02-hwjk-articleLarge.jpg?quality=75&auto=webp&disable=upscale","Blue and gray machines with multiple blue dials in an industrial mill.","https://www.nytimes.com/2024/09/30/business/energy-environment/uranium-russia-united-states.html"
"U.S. Ramps Up Hunt for Uranium to End Reliance on Russia","https://static01.nyt.com/images/2024/09/22/multimedia/00uranium-09-wpgb/00uranium-09-wpgb-articleLarge.jpg?quality=75&auto=webp&disable=upscale","A white building with windows missing panes on a dry yellow field. Old gas pumps sit on one side of the building.","https://www.nytimes.com/2024/09/30/business/energy-environment/uranium-russia-united-states.html"
"U.S. Ramps Up Hunt for Uranium to End Reliance on Russia","https://static01.nyt.com/images/2024/09/22/multimedia/00uranium-08-wpgb/00uranium-08-wpgb-articleLarge.jpg?quality=75&auto=webp&disable=upscale","A gray car with its back wheels missing sits in front of a chain-link fence, with other crates and rubbish. Behind is a house on the right and a trailer on the left.","https://www.nytimes.com/2024/09/30/business/energy-environment/uranium-russia-united-states.html"
"U.S. Ramps Up Hunt for Uranium to End Reliance on Russia","https://static01.nyt.com/images/2024/09/22/multimedia/00uranium-06-mbgz/00uranium-06-mbgz-articleLarge.jpg?quality=75&auto=webp&disable=upscale","Two gloved hands hold a gray rock of uranium ore.","https://www.nytimes.com/2024/09/30/business/energy-environment/uranium-russia-united-states.html"
"U.S. Ramps Up Hunt for Uranium to End Reliance on Russia","https://static01.nyt.com/images/2024/09/22/multimedia/00uranium-03-mbgz/00uranium-03-mbgz-articleLarge.jpg?quality=75&auto=webp&disable=upscale","A tall structure sits atop ground with an ominous sky beyond.","https://www.nytimes.com/2024/09/30/business/energy-environment/uranium-russia-united-states.html"
"U.S. Ramps Up Hunt for Uranium to End Reliance on Russia","https://static01.nyt.com/images/2024/09/22/multimedia/00uranium-wqjm/00uranium-wqjm-articleLarge.jpg?quality=75&auto=webp&disable=upscale","Mable Franklin, wearing a blue T-shirt and a pink and maroon patterned skirt, stands on dark earth, her gray hair blowing in the wind. ","https://www.nytimes.com/2024/09/30/business/energy-environment/uranium-russia-united-states.html"
"U.S. Ramps Up Hunt for Uranium to End Reliance on Russia","https://static01.nyt.com/images/2024/09/22/multimedia/00uranium-14-mbgz/00uranium-14-mbgz-articleLarge.jpg?quality=75&auto=webp&disable=upscale","A plywood billboard in an expansive field of grass and sagebrush says: “Radioactive pollution kills. It’s time to clean up the mines.”","https://www.nytimes.com/2024/09/30/business/energy-environment/uranium-russia-united-states.html"
"U.S. Ramps Up Hunt for Uranium to End Reliance on Russia","https://static01.nyt.com/images/2024/09/22/multimedia/00uranium-11-wpgb/00uranium-11-wpgb-articleLarge.jpg?quality=75&auto=webp&disable=upscale","Carletta Tilousi, wearing a light blue top with beaded embroidery and a matching light blue skirt with a row of multicolor ribbons, stands in a golden field. One of her hands, with a large turquoise bracelet, is on her forehead while the other is resting on a black leather belt with silver buckles.","https://www.nytimes.com/2024/09/30/business/energy-environment/uranium-russia-united-states.html"
"U.S. Ramps Up Hunt for Uranium to End Reliance on Russia","https://static01.nyt.com/images/2024/09/22/multimedia/00uranium-kgzv/00uranium-kgzv-articleLarge.jpg?quality=75&auto=webp&disable=upscale","Three rows of green and gray barrels are stacked on sandy earth.","https://www.nytimes.com/2024/09/30/business/energy-environment/uranium-russia-united-states.html"
"U.S. Ramps Up Hunt for Uranium to End Reliance on Russia","https://static01.nyt.com/images/2024/09/22/multimedia/00uranium-03-bzvw/00uranium-03-bzvw-articleLarge.jpg?quality=75&auto=webp&disable=upscale","Mounds of dark brown earth on a sandy surface underneath blue sky and clouds.","https://www.nytimes.com/2024/09/30/business/energy-environment/uranium-russia-united-states.html"
"U.S. Ramps Up Hunt for Uranium to End Reliance on Russia","https://static01.nyt.com/images/2024/09/22/multimedia/00uranium-12-mbgz/00uranium-12-mbgz-articleLarge.jpg?quality=75&auto=webp&disable=upscale","John W. Cash, wearing a white hard hat, safety glasses, a white button-down shirt, bluejeans and work boots, kneels beside a pump in a sandy field with patches of grass.","https://www.nytimes.com/2024/09/30/business/energy-environment/uranium-russia-united-states.html"
"U.S. Ramps Up Hunt for Uranium to End Reliance on Russia","https://static01.nyt.com/images/2024/09/22/multimedia/00uranium-23-mbgz/00uranium-23-mbgz-articleLarge.jpg?quality=75&auto=webp&disable=upscale","Mark Chalmers, wearing a blue hard hat and glasses, stands in front of an industrial structure.","https://www.nytimes.com/2024/09/30/business/energy-environment/uranium-russia-united-states.html"
"U.S. Ramps Up Hunt for Uranium to End Reliance on Russia","https://static01.nyt.com/images/2024/09/22/multimedia/00uranium-19-mbgz/00uranium-19-mbgz-articleLarge.jpg?quality=75&auto=webp&disable=upscale","Five glass vials sit in a wooden holder on top of a wood table. The samples vary in color, from clear to green to yellow, and viscosity.","https://www.nytimes.com/2024/09/30/business/energy-environment/uranium-russia-united-states.html"
"U.S. Ramps Up Hunt for Uranium to End Reliance on Russia","https://static01.nyt.com/images/2024/09/23/multimedia/00uranium-02-hwjk/00uranium-02-hwjk-articleLarge.jpg?quality=75&auto=webp&disable=upscale","Blue and gray machines with multiple blue dials in an industrial mill.","https://www.nytimes.com/2024/09/30/business/energy-environment/uranium-russia-united-states.html"
"U.S. Ramps Up Hunt for Uranium to End Reliance on Russia","https://static01.nyt.com/images/2024/09/22/multimedia/00uranium-09-wpgb/00uranium-09-wpgb-articleLarge.jpg?quality=75&auto=webp&disable=upscale","A white building with windows missing panes on a dry yellow field. Old gas pumps sit on one side of the building.","https://www.nytimes.com/2024/09/30/business/energy-environment/uranium-russia-united-states.html"
"U.S. Ramps Up Hunt for Uranium to End Reliance on Russia","https://static01.nyt.com/images/2024/09/22/multimedia/00uranium-08-wpgb/00uranium-08-wpgb-articleLarge.jpg?quality=75&auto=webp&disable=upscale","A gray car with its back wheels missing sits in front of a chain-link fence, with other crates and rubbish. Behind is a house on the right and a trailer on the left.","https://www.nytimes.com/2024/09/30/business/energy-environment/uranium-russia-united-states.html"